[{"@type":"mappingTemplate","id":"@1","name":"02418795_param","description":"","bundleVersion":"0","templateId":"@3","deployTime":1554925393000,"hasParameters":true,"valid":true,"fixedConnection":true,"hasParametersDeployed":true,"fixedConnectionDeployed":true,"tasks":1,"mappingPreviewFileRecordId":"@2","references":[{"@type":"reference","refObjectId":"@1tAwUAy1BR4dEpc0oqOrmp","refType":"structureDefinition"},{"@type":"reference","refObjectId":"@6brIGdSy2gckFW8rtjrACE","refType":"connection"}]}]